gene_symbols,gene_ids
plxnd1,ENSG00000144476
arx,ENSG00000178031
skap2,ENSG00000205336
thsd7a,ENSG00000204472
asb4,ENSG00000118507
tac1,ENSG00000170017
dlx6,ENSG00000165092
etv1,ENSG00000184254
pax6,ENSG00000178522
mylip,ENSG00000091879
nfix,ENSG00000185046
tspan9,ENSG00000182287
isl1,ENSG00000100336
wwtr1,ENSG00000171885
gabra1,ENSG00000147256
vim,ENSG00000175906
pou2f2,ENSG00000172995
vcan,ENSG00000004848
zic2,ENSG00000005981
epha3,ENSG00000139352
cp,ENSG00000132692
lmo3,ENSG00000119866
nnat,ENSG00000127152
cbln4,ENSG00000127325
pkp2,ENSG00000198797
ybx3,ENSG00000159388
ntn1,ENSG00000131094
ngef,ENSG00000165985
mpped2,ENSG00000154975
fgfr2,ENSG00000163618
klf6,ENSG00000104327
fgfr3,ENSG00000282830
pygm,ENSG00000054803
chat,ENSG00000187094
sema3a,ENSG00000118523
sema3c,ENSG00000118971
plxna2,ENSG00000101489
rarb,ENSG00000070748
dcx,ENSG00000171316
rbfox1,ENSG00000134121
itm2a,ENSG00000154645
slc1a3,ENSG00000120903
kif22,ENSG00000080644
scgn,ENSG00000274542
chrna3,ENSG00000120885
mef2c,ENSG00000118432
sertad4,ENSG00000174469
oprk1,ENSG00000188517
lhx5,ENSG00000204262
nos1,ENSG00000047457
efnb1,ENSG00000168993
dll3,ENSG00000213578
nrcam,ENSG00000196353
zfhx4,ENSG00000124772
angpt2,ENSG00000166426
sema6a,ENSG00000146592
nrp1,ENSG00000147571
sox10,ENSG00000106113
apol4,ENSG00000163499
pvalb,ENSG00000114646
mybl2,ENSG00000109861
dok5,ENSG00000257923
pdyn,ENSG00000111249
slc32a1,ENSG00000168329
wfdc2,ENSG00000107562
celf4,ENSG00000145824
lipg,ENSG00000121966
pls3,ENSG00000276644
gpr50,ENSG00000105516
klf5,ENSG00000109851
flt1,ENSG00000077279
znf423,ENSG00000090932
tox3,ENSG00000292098
eya1,ENSG00000115844
calb1,ENSG00000105880
sfrp1,ENSG00000006377
slc17a7,ENSG00000143006
dbp,ENSG00000147459
dlx5,ENSG00000101134
vipr2,ENSG00000184845
crhr2,ENSG00000149295
nptx2,ENSG00000139318
ptprz1,ENSG00000165891
ezh2,ENSG00000164330
mest,ENSG00000136160
pou6f2,ENSG00000115380
gli3,ENSG00000184349
lhx2,ENSG00000090776
tle4,ENSG00000125266
lhx6,ENSG00000146648
cxcl12,ENSG00000129521
sorcs1,ENSG00000179388
dbx1,ENSG00000170522
ctsc,ENSG00000135638
zbtb16,ENSG00000170370
mdk,ENSG00000171617
sox6,ENSG00000163508
gli1,ENSG00000044524
cux2,ENSG00000116106
oprm1,ENSG00000145242
sparc,ENSG00000154928
npr3,ENSG00000182580
rbp1,ENSG00000178568
hes1,ENSG00000164283
cspg5,ENSG00000196482
foxp1,ENSG00000006468
itga4,ENSG00000104313
pde1a,ENSG00000106462
tacr1,ENSG00000164434
efemp1,ENSG00000168309
fn1,ENSG00000169122
igfbp5,ENSG00000197712
otx1,ENSG00000188610
id2,ENSG00000263513
qpct,ENSG00000215784
dlx2,ENSG00000153266
epha4,ENSG00000127084
tnr,ENSG00000066468
st6galnac5,ENSG00000068078
id3,ENSG00000185070
rcan3,ENSG00000102755
prox1,ENSG00000115414
nrp2,ENSG00000176165
cnr1,ENSG00000150907
akap7,ENSG00000114861
ccn2,ENSG00000128573
olfm3,ENSG00000137166
spp1,ENSG00000162998
pcdh17,ENSG00000022355
ccnd2,ENSG00000163285
satb2,ENSG00000128683
bcl11a,ENSG00000136750
gria2,ENSG00000172020
socs2,ENSG00000168505
clu,ENSG00000131095
chrna2,ENSG00000111087
rdh10,ENSG00000106571
pdzrn3,ENSG00000145451
cxcr4,ENSG00000147257
sv2c,ENSG00000167588
nxph1,ENSG00000174948
npy,ENSG00000102195
necab1,ENSG00000146360
itih5,ENSG00000185477
pde1b,ENSG00000276886
plp1,ENSG00000155511
sox4,ENSG00000120251
cpne5,ENSG00000152578
nrn1,ENSG00000152208
efnb2,ENSG00000198785
nkx2-2,ENSG00000169840
lamp5,ENSG00000180613
fgd3,ENSG00000183474
bcl11b,ENSG00000164116
best3,ENSG00000187821
mchr1,ENSG00000221932
foxp2,ENSG00000287542
gad1,ENSG00000114315
islr,ENSG00000188290
egln3,ENSG00000197921
lbp,ENSG00000164683
syt5,ENSG00000143341
kcna5,ENSG00000149948
npas1,ENSG00000164104
c1ql1,ENSG00000198830
gfap,ENSG00000188620
top2a,ENSG00000171476
serpinf1,ENSG00000173083
nes,ENSG00000182601
bcan,ENSG00000179546
kank4,ENSG00000147246
myh8,ENSG00000166736
nts,ENSG00000115738
chl1,ENSG00000283060
meis2,ENSG00000172201
syt6,ENSG00000141753
sox3,ENSG00000115461
pdgfra,ENSG00000189108
tes,ENSG00000148798
nmbr,ENSG00000016082
emx1,ENSG00000288508
pcdh8,ENSG00000115232
ednrb,ENSG00000123243
nkx2-1,ENSG00000078596
tbr1,ENSG00000132854
gad2,ENSG00000130037
foxp4,ENSG00000170745
prcp,ENSG00000079616
sulf1,ENSG00000157404
unc13c,ENSG00000102554
six3,ENSG00000067082
rbp4,ENSG00000162873
herc3,ENSG00000149243
pcdh10,ENSG00000125869
pde5a,ENSG00000129988
phlda1,ENSG00000274577
dusp6,ENSG00000106689
ascl1,ENSG00000089116
sstr1,ENSG00000106852
nova1,ENSG00000162624
ntrk3,ENSG00000143355
zfhx3,ENSG00000101670
igfbp4,ENSG00000145721
prdm16,ENSG00000166407
dmrtb1,ENSG00000048540
lmo4,ENSG00000143013
rxrg,ENSG00000175445
pou2f1,ENSG00000150551
rgs16,ENSG00000187123
hmcn1,ENSG00000180660
lhx9,ENSG00000178573
meis1,ENSG00000204103
nxph2,ENSG00000276155
tmeff2,ENSG00000151332
dlx1,ENSG00000197971
ackr3,ENSG00000128285
slit2,ENSG00000110492
epha5,ENSG00000081189
sfrp2,ENSG00000143995
glra3,ENSG00000134138
plk2,ENSG00000106484
lix1,ENSG00000182050
pam,ENSG00000148773
cxcl14,ENSG00000196549
tpbg,ENSG00000204655
gpr6,ENSG00000066382
vip,ENSG00000188981
creb5,ENSG00000169715
egfr,ENSG00000101057
htr2c,ENSG00000264424
arhgap36,ENSG00000133020
gpc3,ENSG00000168530
dock5,ENSG00000007944
st18,ENSG00000271425
crh,ENSG00000263956
rspo2,ENSG00000266338
nfib,ENSG00000173376
ntrk2,ENSG00000123119
notch1,ENSG00000165973
vax1,ENSG00000132688
npffr1,ENSG00000171532
mki67,ENSG00000178403
ina,ENSG00000162599
nkx6-2,ENSG00000147862
klhl35,ENSG00000008441
drd2,ENSG00000066248
plch2,ENSG00000177551
hmga2,ENSG00000136352
lypd1,ENSG00000125820
foxo1,ENSG00000148826
thrb,ENSG00000135577
npas3,ENSG00000053438
mbip,ENSG00000089250
grid2,ENSG00000148400
spock1,ENSG00000264343
gria4,ENSG00000139910
prdm8,ENSG00000130751
ptprk,ENSG00000151322
zic1,ENSG00000148734
nr4a2,ENSG00000175206
fezf2,ENSG00000113389
ptprd,ENSG00000106236
nrgn,ENSG00000122585
prkca,ENSG00000164128
pdlim3,ENSG00000185149
sorbs2,ENSG00000175745
chodl,ENSG00000185551
ephb1,ENSG00000153234
ca10,ENSG00000091129
gria1,ENSG00000157168
sst,ENSG00000154146
nrg1,ENSG00000175352
kit,ENSG00000124785
scube1,ENSG00000099250
btg2,ENSG00000118257
nfia,ENSG00000185652
lhx8,ENSG00000065320
klhdc8a,ENSG00000148053
frzb,ENSG00000140538
pdlim5,ENSG00000133636
tgfa,ENSG00000122584
gabrg1,ENSG00000144227
cryba2,ENSG00000118733
eomes,ENSG00000205927
cadps,ENSG00000082556
synpr,ENSG00000112038
ptx3,ENSG00000115507
hmgb2,ENSG00000165588
gucy1a1,ENSG00000180914
npy1r,ENSG00000145730
esm1,ENSG00000169116
ebf1,ENSG00000007372
fabp7,ENSG00000185630
sp8,ENSG00000167081
hey1,ENSG00000138650
shh,ENSG00000118946
aldh1a1,ENSG00000169851
otx2,ENSG00000136099
znf503,ENSG00000184226
e2f7,ENSG00000115252
pdzrn4,ENSG00000123360
nell1,ENSG00000172572
c1ql3,ENSG00000138735
ric3,ENSG00000134853
lmo1,ENSG00000154553
crabp1,ENSG00000163110
htr3a,ENSG00000101327
tac3,ENSG00000121440
grem1,ENSG00000165966
pbx3,ENSG00000242265
rbfox3,ENSG00000198300
gpd1,ENSG00000181195
ttyh1,ENSG00000139289
pnoc,ENSG00000057294
ptgdr,ENSG00000149527
fam107a,ENSG00000145632
cx3cr1,ENSG00000123560
rab31,ENSG00000102024
gbx2,ENSG00000076356
myl1,ENSG00000221866
cplx1,ENSG00000004399
parm1,ENSG00000168081
fam110b,ENSG00000143190
rspo1,ENSG00000028277
stk32a,ENSG00000185668
zeb2,ENSG00000184486
mt1e,ENSG00000106536
tacr3,ENSG00000137509
gsx1,ENSG00000142611
pcdh7,ENSG00000152784
robo1,ENSG00000154229
alcam,ENSG00000117707
sln,ENSG00000168229
emx2,ENSG00000153707
sema3e,ENSG00000273993
tmem182,ENSG00000196090
elovl6,ENSG00000106278
kcns3,ENSG00000163661
chd7,ENSG00000100362
hopx,ENSG00000068976
rxfp1,ENSG00000115828
neurod2,ENSG00000168461
enc1,ENSG00000077092
vat1l,ENSG00000078328
aqp4,ENSG00000167281
gap43,ENSG00000114115
calb2,ENSG00000138207
sntb1,ENSG00000117602
id4,ENSG00000121039
pde3a,ENSG00000189056
arpp21,ENSG00000143333
znf680,ENSG00000166405
hpse,ENSG00000169855
sncg,ENSG00000185008
ndnf,ENSG00000198963
vwc2l,ENSG00000177519
cntnap2,ENSG00000169218
gpr149,ENSG00000147655
zic4,ENSG00000171509
nppa,ENSG00000277069
chrna7,ENSG00000143171
nrip3,ENSG00000256463
lpl,ENSG00000182568
nr2f1,ENSG00000119042
arl4d,ENSG00000079689
foxg1,ENSG00000159307
rprm,ENSG00000075213
nhlh2,ENSG00000075223
adamtsl1,ENSG00000170381
neurog2,ENSG00000092421
ambn,ENSG00000282307
erbb4,ENSG00000281230
maf,ENSG00000104332
egr3,ENSG00000145423
slc17a8,ENSG00000164690
htr1d,ENSG00000180730
tshz1,ENSG00000138083
th,ENSG00000005020
gsx2,ENSG00000104888
mab21l1,ENSG00000179520
shisa2,ENSG00000079215
oxtr,ENSG00000101438
penk,ENSG00000183023
znf467,ENSG00000187122
sox2,ENSG00000145147
zbtb20,ENSG00000184564
mgat4c,ENSG00000170290
ap1s2,ENSG00000273772
tshz2,ENSG00000198732
satb1,ENSG00000183963
ephb3,ENSG00000173267
hs3st4,ENSG00000172164
rxfp3,ENSG00000120833
slc8a1,ENSG00000154556
gtf2h2c,ENSG00000108018
smtn,ENSG00000100146
pcdh9,ENSG00000181449
aldh1a3,ENSG00000134595
efna5,ENSG00000124766
pou3f2,ENSG00000110693
slitrk6,ENSG00000164651
drd1,ENSG00000217236
robo2,ENSG00000113140
anks1b,ENSG00000196141
flrt2,ENSG00000152377
npy2r,ENSG00000262655
gprin3,ENSG00000118785
nr2f2,ENSG00000157005
pbx1,ENSG00000139874
ntf3,ENSG00000147488
pou3f1,ENSG00000117069
mapt,ENSG00000169302
cck,ENSG00000137573
slit1,ENSG00000196562
lypd6,ENSG00000122012
helt,ENSG00000163630
wnt7b,ENSG00000129990
hes4,ENSG00000134207
col25a1,ENSG00000006128
fam72b,ENSG00000166863
hmx3,ENSG00000115353
msantd1,ENSG00000169836
reln,ENSG00000136535
il1rapl2,ENSG00000196628
ptprt,ENSG00000218336
spats2l,ENSG00000135269
cpne4,ENSG00000163235
esrrg,ENSG00000180176
mme,ENSG00000151090
sulf2,ENSG00000005108
tcf4,ENSG00000106829
fam114a1,ENSG00000144339
hes5,ENSG00000170417
mbp,ENSG00000116147
peg3,ENSG00000131747
smoc1,ENSG00000103460
grin3a,ENSG00000283085
znf521,ENSG00000179981
brinp2,ENSG00000182463
hmgn2,ENSG00000011105
rorb,ENSG00000276537
mafb,ENSG00000137766
col5a2,ENSG00000171724
aif1,ENSG00000148704
mog,ENSG00000038427
adgrg1,ENSG00000026025
smn2,ENSG00000146469
olig2,ENSG00000106018
cplx3,ENSG00000174453
fam72d,ENSG00000101443
sp9,ENSG00000188064
tenm3,ENSG00000018408
plxna4,ENSG00000060138
hepn1,ENSG00000109906
peg10,ENSG00000181722
sall3,ENSG00000169554
cux1,ENSG00000140836
spon1,ENSG00000091656
fam72c,ENSG00000152977
nbpf11,ENSG00000043355
notch2nla,ENSG00000174963
myh4,ENSG00000102935
nbpf15,ENSG00000181444
nbpf10,ENSG00000165655
lhx1,ENSG00000198795
dach1,ENSG00000173041
